1,Rajesh,999945504,SNAP,approved,300.0,AMEX,99994550412345
2,Rajesh,999945504,SNAP,approved,300.0,AMEX,99994550412345
3,Rajesh,999945504,SNAP,approved,300.0,AMEX,99994550412345
4,Rajesh,999945504,SNAP,approved,300.0,AMEX,99994550412345
5,Rajesh,999945504,SNAP,approved,300.0,AMEX,99994550412345
6,Rajesh,999945504,SNAP,approved,300.0,AMEX,99994550412345
7,Rajesh,999945504,SNAP,approved,300.0,AMEX,99994550412345
8,Rajesh,999945504,SNAP,approved,300.0,AMEX,99994550412345
9,Rajesh,999945504,SNAP,approved,300.0,AMEX,99994550412345
10,Rajesh,999945504,SNAP,approved,300.0,AMEX,99994550412345
11,Rajesh,999945504,SNAP,approved,300.0,AMEX,99994550412345
12,Rajesh,999945504,SNAP,approved,300.0,AMEX,99994550412345
13,Rajesh,999945504,SNAP,approved,300.0,AMEX,99994550412345
14,Rajesh,999945504,SNAP,approved,300.0,AMEX,99994550412345
15,Rajesh,999945504,SNAP,approved,300.0,AMEX,99994550412345
16,Rajesh,999945504,SNAP,approved,300.0,AMEX,99994550412345
17,Rajesh,999945504,SNAP,approved,300.0,AMEX,99994550412345
18,Rajesh,999945504,SNAP,approved,300.0,AMEX,99994550412345
19,Rajesh,999945504,SNAP,approved,300.0,AMEX,99994550412345
20,Rajesh,999945504,SNAP,approved,300.0,AMEX,99994550412345
21,Rajesh,999945504,SNAP,approved,300.0,AMEX,99994550412345
22,Rajesh,999945504,SNAP,approved,300.0,AMEX,99994550412345
23,Rajesh,999945504,SNAP,approved,300.0,AMEX,99994550412345
24,Rajesh,999945504,SNAP,approved,300.0,AMEX,99994550412345
25,Rajesh,999945504,SNAP,approved,300.0,AMEX,99994550412345
26,Rajesh,999945504,SNAP,approved,300.0,AMEX,99994550412345
27,Rajesh,999945504,SNAP,approved,300.0,AMEX,99994550412345
28,Rajesh,999945504,SNAP,approved,300.0,AMEX,99994550412345
29,Rajesh,999945504,SNAP,approved,300.0,AMEX,99994550412345
30,Rajesh,999945504,SNAP,approved,300.0,AMEX,99994550412345
31,Rajesh,999945504,SNAP,approved,300.0,AMEX,99994550412345
32,Rajesh,999945504,SNAP,approved,300.0,AMEX,99994550412345
33,Rajesh,999945504,SNAP,approved,300.0,AMEX,99994550412345
34,Rajesh,999945504,SNAP,approved,300.0,AMEX,99994550412345
35,Rajesh,999945504,SNAP,approved,300.0,AMEX,99994550412345
36,Rajesh,999945504,SNAP,approved,300.0,AMEX,99994550412345
37,Rajesh,999945504,SNAP,approved,300.0,AMEX,99994550412345
38,Rajesh,999945504,SNAP,approved,300.0,AMEX,99994550412345
39,Rajesh,999945504,SNAP,approved,300.0,AMEX,99994550412345
40,Rajesh,999945504,SNAP,approved,300.0,AMEX,99994550412345
41,Rajesh,999945504,SNAP,approved,300.0,AMEX,99994550412345
42,Rajesh,999945504,SNAP,approved,300.0,AMEX,99994550412345
43,Rajesh,999945504,SNAP,approved,300.0,AMEX,99994550412345
44,Rajesh,999945504,SNAP,approved,300.0,AMEX,99994550412345
45,Rajesh,999945504,SNAP,approved,300.0,AMEX,99994550412345
46,Rajesh,999945504,SNAP,approved,300.0,AMEX,99994550412345
47,Rajesh,999945504,SNAP,approved,300.0,AMEX,99994550412345
48,Rajesh,999945504,SNAP,approved,300.0,AMEX,99994550412345
49,Rajesh,999945504,SNAP,approved,300.0,AMEX,99994550412345
50,Rajesh,999945504,SNAP,approved,300.0,AMEX,99994550412345
51,Rajesh,999945504,SNAP,approved,300.0,AMEX,99994550412345
52,Rajesh,999945504,SNAP,approved,300.0,AMEX,99994550412345
53,Rajesh,999945504,SNAP,approved,300.0,AMEX,99994550412345
54,Rajesh,999945504,SNAP,approved,300.0,AMEX,99994550412345
55,Rajesh,999945504,SNAP,approved,300.0,AMEX,99994550412345
56,Rajesh,999945504,SNAP,approved,300.0,AMEX,99994550412345
57,Rajesh,999945504,SNAP,approved,300.0,AMEX,99994550412345
58,Rajesh,999945504,SNAP,approved,300.0,AMEX,99994550412345
59,Rajesh,999945504,SNAP,approved,300.0,AMEX,99994550412345
60,Rajesh,999945504,SNAP,approved,300.0,AMEX,99994550412345
61,Rajesh,999945504,SNAP,approved,300.0,AMEX,99994550412345
62,Rajesh,999945504,SNAP,approved,300.0,AMEX,99994550412345
63,Rajesh,999945504,SNAP,approved,300.0,AMEX,99994550412345
64,Rajesh,999945504,SNAP,approved,300.0,AMEX,99994550412345
65,Rajesh,999945504,SNAP,approved,300.0,AMEX,99994550412345
66,Rajesh,999945504,SNAP,approved,300.0,AMEX,99994550412345
67,Rajesh,999945504,SNAP,approved,300.0,AMEX,99994550412345
68,Rajesh,999945504,SNAP,approved,300.0,AMEX,99994550412345
69,Rajesh,999945504,SNAP,approved,300.0,AMEX,99994550412345
70,Rajesh,999945504,SNAP,approved,300.0,AMEX,99994550412345
71,Rajesh,999945504,SNAP,approved,300.0,AMEX,99994550412345
72,Rajesh,999945504,SNAP,approved,300.0,AMEX,99994550412345
73,Rajesh,999945504,SNAP,approved,300.0,AMEX,99994550412345
74,Rajesh,999945504,SNAP,approved,300.0,AMEX,99994550412345
75,Rajesh,999945504,SNAP,approved,300.0,AMEX,99994550412345
76,Rajesh,999945504,SNAP,approved,300.0,AMEX,99994550412345
77,Rajesh,999945504,SNAP,approved,300.0,AMEX,99994550412345
78,Rajesh,999945504,SNAP,approved,300.0,AMEX,99994550412345
79,Rajesh,999945504,SNAP,approved,300.0,AMEX,99994550412345
80,Rajesh,999945504,SNAP,approved,300.0,AMEX,99994550412345
81,Rajesh,999945504,SNAP,approved,300.0,AMEX,99994550412345
82,Rajesh,999945504,SNAP,approved,300.0,AMEX,99994550412345
83,Rajesh,999945504,SNAP,approved,300.0,AMEX,99994550412345
84,Rajesh,999945504,SNAP,approved,300.0,AMEX,99994550412345
85,Rajesh,999945504,SNAP,approved,300.0,AMEX,99994550412345
86,Rajesh,999945504,SNAP,approved,300.0,AMEX,99994550412345
87,Rajesh,999945504,SNAP,approved,300.0,AMEX,99994550412345
88,Rajesh,999945504,SNAP,approved,300.0,AMEX,99994550412345
89,Rajesh,999945504,SNAP,approved,300.0,AMEX,99994550412345
90,Rajesh,999945504,SNAP,approved,300.0,AMEX,99994550412345
91,Rajesh,999945504,SNAP,approved,300.0,AMEX,99994550412345
92,Rajesh,999945504,SNAP,approved,300.0,AMEX,99994550412345
93,Rajesh,999945504,SNAP,approved,300.0,AMEX,99994550412345
94,Rajesh,999945504,SNAP,approved,300.0,AMEX,99994550412345
95,Rajesh,999945504,SNAP,approved,300.0,AMEX,99994550412345
96,Rajesh,999945504,SNAP,approved,300.0,AMEX,99994550412345
97,Rajesh,999945504,SNAP,approved,300.0,AMEX,99994550412345
98,Rajesh,999945504,SNAP,approved,300.0,AMEX,99994550412345
99,Rajesh,999945504,SNAP,approved,300.0,AMEX,99994550412345
100,Rajesh,999945504,SNAP,approved,300.0,AMEX,99994550412345
101,Rajesh,999945504,SNAP,approved,300.0,AMEX,99994550412345
102,Rajesh,999945504,SNAP,approved,300.0,AMEX,99994550412345
103,Rajesh,999945504,SNAP,approved,300.0,AMEX,99994550412345
104,Rajesh,999945504,SNAP,approved,300.0,AMEX,99994550412345
105,Rajesh,999945504,SNAP,approved,300.0,AMEX,99994550412345
106,Rajesh,999945504,SNAP,approved,300.0,AMEX,99994550412345
107,Rajesh,999945504,SNAP,approved,300.0,AMEX,99994550412345
108,Rajesh,999945504,SNAP,approved,300.0,AMEX,99994550412345
109,Rajesh,999945504,SNAP,approved,300.0,AMEX,99994550412345
110,Rajesh,999945504,SNAP,approved,300.0,AMEX,99994550412345
111,Rajesh,999945504,SNAP,approved,300.0,AMEX,99994550412345
112,Rajesh,999945504,SNAP,approved,300.0,AMEX,99994550412345
113,Rajesh,999945504,SNAP,approved,300.0,AMEX,99994550412345
114,Rajesh,999945504,SNAP,approved,300.0,AMEX,99994550412345
115,Rajesh,999945504,SNAP,approved,300.0,AMEX,99994550412345
116,Rajesh,999945504,SNAP,approved,300.0,AMEX,99994550412345
117,Rajesh,999945504,SNAP,approved,300.0,AMEX,99994550412345
118,Rajesh,999945504,SNAP,approved,300.0,AMEX,99994550412345
119,Rajesh,999945504,SNAP,approved,300.0,AMEX,99994550412345
120,Rajesh,999945504,SNAP,approved,300.0,AMEX,99994550412345
121,Rajesh,999945504,SNAP,approved,300.0,AMEX,99994550412345
122,Rajesh,999945504,SNAP,approved,300.0,AMEX,99994550412345
123,Rajesh,999945504,SNAP,approved,300.0,AMEX,99994550412345
124,Rajesh,999945504,SNAP,approved,300.0,AMEX,99994550412345
125,Rajesh,999945504,SNAP,approved,300.0,AMEX,99994550412345
126,Rajesh,999945504,SNAP,approved,300.0,AMEX,99994550412345
127,Rajesh,999945504,SNAP,approved,300.0,AMEX,99994550412345
128,Rajesh,999945504,SNAP,approved,300.0,AMEX,99994550412345
129,Rajesh,999945504,SNAP,approved,300.0,AMEX,99994550412345
130,Rajesh,999945504,SNAP,approved,300.0,AMEX,99994550412345
131,Rajesh,999945504,SNAP,approved,300.0,AMEX,99994550412345
132,Rajesh,999945504,SNAP,approved,300.0,AMEX,99994550412345
133,Rajesh,999945504,SNAP,approved,300.0,AMEX,99994550412345
134,Rajesh,999945504,SNAP,approved,300.0,AMEX,99994550412345
135,Rajesh,999945504,SNAP,approved,300.0,AMEX,99994550412345
136,Rajesh,999945504,SNAP,approved,300.0,AMEX,99994550412345
137,Rajesh,999945504,SNAP,approved,300.0,AMEX,99994550412345
138,Rajesh,999945504,SNAP,approved,300.0,AMEX,99994550412345
139,Rajesh,999945504,SNAP,approved,300.0,AMEX,99994550412345
140,Rajesh,999945504,SNAP,approved,300.0,AMEX,99994550412345
141,Rajesh,999945504,SNAP,approved,300.0,AMEX,99994550412345
142,Rajesh,999945504,SNAP,approved,300.0,AMEX,99994550412345
143,Rajesh,999945504,SNAP,approved,300.0,AMEX,99994550412345
144,Rajesh,999945504,SNAP,approved,300.0,AMEX,99994550412345
145,Rajesh,999945504,SNAP,approved,300.0,AMEX,99994550412345
146,Rajesh,999945504,SNAP,approved,300.0,AMEX,99994550412345
147,Rajesh,999945504,SNAP,approved,300.0,AMEX,99994550412345
148,Rajesh,999945504,SNAP,approved,300.0,AMEX,99994550412345
149,Rajesh,999945504,SNAP,approved,300.0,AMEX,99994550412345
150,Rajesh,999945504,SNAP,approved,300.0,AMEX,99994550412345
151,Rajesh,999945504,SNAP,approved,300.0,AMEX,99994550412345
152,Rajesh,999945504,SNAP,approved,300.0,AMEX,99994550412345
153,Rajesh,999945504,SNAP,approved,300.0,AMEX,99994550412345
154,Rajesh,999945504,SNAP,approved,300.0,AMEX,99994550412345
155,Rajesh,999945504,SNAP,approved,300.0,AMEX,99994550412345
156,Rajesh,999945504,SNAP,approved,300.0,AMEX,99994550412345
157,Rajesh,999945504,SNAP,approved,300.0,AMEX,99994550412345
158,Rajesh,999945504,SNAP,approved,300.0,AMEX,99994550412345
159,Rajesh,999945504,SNAP,approved,300.0,AMEX,99994550412345
160,Rajesh,999945504,SNAP,approved,300.0,AMEX,99994550412345
161,Rajesh,999945504,SNAP,approved,300.0,AMEX,99994550412345
162,Rajesh,999945504,SNAP,approved,300.0,AMEX,99994550412345
163,Rajesh,999945504,SNAP,approved,300.0,AMEX,99994550412345
164,Rajesh,999945504,SNAP,approved,300.0,AMEX,99994550412345
165,Rajesh,999945504,SNAP,approved,300.0,AMEX,99994550412345
166,Rajesh,999945504,SNAP,approved,300.0,AMEX,99994550412345
167,Rajesh,999945504,SNAP,approved,300.0,AMEX,99994550412345
168,Rajesh,999945504,SNAP,approved,300.0,AMEX,99994550412345
169,Rajesh,999945504,SNAP,approved,300.0,AMEX,99994550412345
170,Rajesh,999945504,SNAP,approved,300.0,AMEX,99994550412345
171,Rajesh,999945504,SNAP,approved,300.0,AMEX,99994550412345
172,Rajesh,999945504,SNAP,approved,300.0,AMEX,99994550412345
173,Rajesh,999945504,SNAP,approved,300.0,AMEX,99994550412345
174,Rajesh,999945504,SNAP,approved,300.0,AMEX,99994550412345
175,Rajesh,999945504,SNAP,approved,300.0,AMEX,99994550412345
176,Rajesh,999945504,SNAP,approved,300.0,AMEX,99994550412345
177,Rajesh,999945504,SNAP,approved,300.0,AMEX,99994550412345
178,Rajesh,999945504,SNAP,approved,300.0,AMEX,99994550412345
179,Rajesh,999945504,SNAP,approved,300.0,AMEX,99994550412345
180,Rajesh,999945504,SNAP,approved,300.0,AMEX,99994550412345
181,Rajesh,999945504,SNAP,approved,300.0,AMEX,99994550412345
182,Rajesh,999945504,SNAP,approved,300.0,AMEX,99994550412345
183,Rajesh,999945504,SNAP,approved,300.0,AMEX,99994550412345
184,Rajesh,999945504,SNAP,approved,300.0,AMEX,99994550412345
185,Rajesh,999945504,SNAP,approved,300.0,AMEX,99994550412345
186,Rajesh,999945504,SNAP,approved,300.0,AMEX,99994550412345
187,Rajesh,999945504,SNAP,approved,300.0,AMEX,99994550412345
188,Rajesh,999945504,SNAP,approved,300.0,AMEX,99994550412345
189,Rajesh,999945504,SNAP,approved,300.0,AMEX,99994550412345
190,Rajesh,999945504,SNAP,approved,300.0,AMEX,99994550412345
191,Rajesh,999945504,SNAP,approved,300.0,AMEX,99994550412345
192,Rajesh,999945504,SNAP,approved,300.0,AMEX,99994550412345
193,Rajesh,999945504,SNAP,approved,300.0,AMEX,99994550412345
194,Rajesh,999945504,SNAP,approved,300.0,AMEX,99994550412345
195,Rajesh,999945504,SNAP,approved,300.0,AMEX,99994550412345
196,Rajesh,999945504,SNAP,approved,300.0,AMEX,99994550412345
197,Rajesh,999945504,SNAP,approved,300.0,AMEX,99994550412345
198,Rajesh,999945504,SNAP,approved,300.0,AMEX,99994550412345
199,Rajesh,999945504,SNAP,approved,300.0,AMEX,99994550412345
200,Rajesh,999945504,SNAP,approved,300.0,AMEX,99994550412345
201,Rajesh,999945504,SNAP,approved,300.0,AMEX,99994550412345
202,Rajesh,999945504,SNAP,approved,300.0,AMEX,99994550412345
203,Rajesh,999945504,SNAP,approved,300.0,AMEX,99994550412345
204,Rajesh,999945504,SNAP,approved,300.0,AMEX,99994550412345
205,Rajesh,999945504,SNAP,approved,300.0,AMEX,99994550412345
206,Rajesh,999945504,SNAP,approved,300.0,AMEX,99994550412345
207,Rajesh,999945504,SNAP,approved,300.0,AMEX,99994550412345
208,Rajesh,999945504,SNAP,approved,300.0,AMEX,99994550412345
209,Rajesh,999945504,SNAP,approved,300.0,AMEX,99994550412345
210,Rajesh,999945504,SNAP,approved,300.0,AMEX,99994550412345
211,Rajesh,999945504,SNAP,approved,300.0,AMEX,99994550412345
212,Rajesh,999945504,SNAP,approved,300.0,AMEX,99994550412345
213,Rajesh,999945504,SNAP,approved,300.0,AMEX,99994550412345
214,Rajesh,999945504,SNAP,approved,300.0,AMEX,99994550412345
215,Rajesh,999945504,SNAP,approved,300.0,AMEX,99994550412345
216,Rajesh,999945504,SNAP,approved,300.0,AMEX,99994550412345
217,Rajesh,999945504,SNAP,approved,300.0,AMEX,99994550412345
218,Rajesh,999945504,SNAP,approved,300.0,AMEX,99994550412345
219,Rajesh,999945504,SNAP,approved,300.0,AMEX,99994550412345
220,Rajesh,999945504,SNAP,approved,300.0,AMEX,99994550412345
221,Rajesh,999945504,SNAP,approved,300.0,AMEX,99994550412345
222,Rajesh,999945504,SNAP,approved,300.0,AMEX,99994550412345
223,Rajesh,999945504,SNAP,approved,300.0,AMEX,99994550412345
224,Rajesh,999945504,SNAP,approved,300.0,AMEX,99994550412345
225,Rajesh,999945504,SNAP,approved,300.0,AMEX,99994550412345
226,Rajesh,999945504,SNAP,approved,300.0,AMEX,99994550412345
227,Rajesh,999945504,SNAP,approved,300.0,AMEX,99994550412345
228,Rajesh,999945504,SNAP,approved,300.0,AMEX,99994550412345
229,Rajesh,999945504,SNAP,approved,300.0,AMEX,99994550412345
230,Rajesh,999945504,SNAP,approved,300.0,AMEX,99994550412345
231,Rajesh,999945504,SNAP,approved,300.0,AMEX,99994550412345
232,Rajesh,999945504,SNAP,approved,300.0,AMEX,99994550412345
233,Rajesh,999945504,SNAP,approved,300.0,AMEX,99994550412345
234,Rajesh,999945504,SNAP,approved,300.0,AMEX,99994550412345
235,Rajesh,999945504,SNAP,approved,300.0,AMEX,99994550412345
236,Rajesh,999945504,SNAP,approved,300.0,AMEX,99994550412345
237,Rajesh,999945504,SNAP,approved,300.0,AMEX,99994550412345
238,Rajesh,999945504,SNAP,approved,300.0,AMEX,99994550412345
239,Rajesh,999945504,SNAP,approved,300.0,AMEX,99994550412345
240,Rajesh,999945504,SNAP,approved,300.0,AMEX,99994550412345
241,Rajesh,999945504,SNAP,approved,300.0,AMEX,99994550412345
242,Rajesh,999945504,SNAP,approved,300.0,AMEX,99994550412345
243,Rajesh,999945504,SNAP,approved,300.0,AMEX,99994550412345
244,Rajesh,999945504,SNAP,approved,300.0,AMEX,99994550412345
245,Rajesh,999945504,SNAP,approved,300.0,AMEX,99994550412345
246,Rajesh,999945504,SNAP,approved,300.0,AMEX,99994550412345
247,Rajesh,999945504,SNAP,approved,300.0,AMEX,99994550412345
248,Rajesh,999945504,SNAP,approved,300.0,AMEX,99994550412345
249,Rajesh,999945504,SNAP,approved,300.0,AMEX,99994550412345
250,Rajesh,999945504,SNAP,approved,300.0,AMEX,99994550412345
251,Rajesh,999945504,SNAP,approved,300.0,AMEX,99994550412345
252,Rajesh,999945504,SNAP,approved,300.0,AMEX,99994550412345
253,Rajesh,999945504,SNAP,approved,300.0,AMEX,99994550412345
254,Rajesh,999945504,SNAP,approved,300.0,AMEX,99994550412345
255,Rajesh,999945504,SNAP,approved,300.0,AMEX,99994550412345
256,Rajesh,999945504,SNAP,approved,300.0,AMEX,99994550412345
257,Rajesh,999945504,SNAP,approved,300.0,AMEX,99994550412345
258,Rajesh,999945504,SNAP,approved,300.0,AMEX,99994550412345
259,Rajesh,999945504,SNAP,approved,300.0,AMEX,99994550412345
260,Rajesh,999945504,SNAP,approved,300.0,AMEX,99994550412345
261,Rajesh,999945504,SNAP,approved,300.0,AMEX,99994550412345
262,Rajesh,999945504,SNAP,approved,300.0,AMEX,99994550412345
263,Rajesh,999945504,SNAP,approved,300.0,AMEX,99994550412345
264,Rajesh,999945504,SNAP,approved,300.0,AMEX,99994550412345
265,Rajesh,999945504,SNAP,approved,300.0,AMEX,99994550412345
266,Rajesh,999945504,SNAP,approved,300.0,AMEX,99994550412345
267,Rajesh,999945504,SNAP,approved,300.0,AMEX,99994550412345
268,Rajesh,999945504,SNAP,approved,300.0,AMEX,99994550412345
269,Rajesh,999945504,SNAP,approved,300.0,AMEX,99994550412345
270,Rajesh,999945504,SNAP,approved,300.0,AMEX,99994550412345
271,Rajesh,999945504,SNAP,approved,300.0,AMEX,99994550412345
272,Rajesh,999945504,SNAP,approved,300.0,AMEX,99994550412345
273,Rajesh,999945504,SNAP,approved,300.0,AMEX,99994550412345
274,Rajesh,999945504,SNAP,approved,300.0,AMEX,99994550412345
275,Rajesh,999945504,SNAP,approved,300.0,AMEX,99994550412345
276,Rajesh,999945504,SNAP,approved,300.0,AMEX,99994550412345
277,Rajesh,999945504,SNAP,approved,300.0,AMEX,99994550412345
278,Rajesh,999945504,SNAP,approved,300.0,AMEX,99994550412345
279,Rajesh,999945504,SNAP,approved,300.0,AMEX,99994550412345
280,Rajesh,999945504,SNAP,approved,300.0,AMEX,99994550412345
281,Rajesh,999945504,SNAP,approved,300.0,AMEX,99994550412345
282,Rajesh,999945504,SNAP,approved,300.0,AMEX,99994550412345
283,Rajesh,999945504,SNAP,approved,300.0,AMEX,99994550412345
284,Rajesh,999945504,SNAP,approved,300.0,AMEX,99994550412345
285,Rajesh,999945504,SNAP,approved,300.0,AMEX,99994550412345
286,Rajesh,999945504,SNAP,approved,300.0,AMEX,99994550412345
287,Rajesh,999945504,SNAP,approved,300.0,AMEX,99994550412345
288,Rajesh,999945504,SNAP,approved,300.0,AMEX,99994550412345
289,Rajesh,999945504,SNAP,approved,300.0,AMEX,99994550412345
290,Rajesh,999945504,SNAP,approved,300.0,AMEX,99994550412345
291,Rajesh,999945504,SNAP,approved,300.0,AMEX,99994550412345
292,Rajesh,999945504,SNAP,approved,300.0,AMEX,99994550412345
293,Rajesh,999945504,SNAP,approved,300.0,AMEX,99994550412345
294,Rajesh,999945504,SNAP,approved,300.0,AMEX,99994550412345
295,Rajesh,999945504,SNAP,approved,300.0,AMEX,99994550412345
296,Rajesh,999945504,SNAP,approved,300.0,AMEX,99994550412345
297,Rajesh,999945504,SNAP,approved,300.0,AMEX,99994550412345
298,Rajesh,999945504,SNAP,approved,300.0,AMEX,99994550412345
299,Rajesh,999945504,SNAP,approved,300.0,AMEX,99994550412345
300,Rajesh,999945504,SNAP,approved,300.0,AMEX,99994550412345
301,Rajesh,999945504,SNAP,approved,300.0,AMEX,99994550412345
302,Rajesh,999945504,SNAP,approved,300.0,AMEX,99994550412345
303,Rajesh,999945504,SNAP,approved,300.0,AMEX,99994550412345
304,Rajesh,999945504,SNAP,approved,300.0,AMEX,99994550412345
305,Rajesh,999945504,SNAP,approved,300.0,AMEX,99994550412345
306,Rajesh,999945504,SNAP,approved,300.0,AMEX,99994550412345
307,Rajesh,999945504,SNAP,approved,300.0,AMEX,99994550412345
308,Rajesh,999945504,SNAP,approved,300.0,AMEX,99994550412345
309,Rajesh,999945504,SNAP,approved,300.0,AMEX,99994550412345
310,Rajesh,999945504,SNAP,approved,300.0,AMEX,99994550412345
311,Rajesh,999945504,SNAP,approved,300.0,AMEX,99994550412345
312,Rajesh,999945504,SNAP,approved,300.0,AMEX,99994550412345
313,Rajesh,999945504,SNAP,approved,300.0,AMEX,99994550412345
314,Rajesh,999945504,SNAP,approved,300.0,AMEX,99994550412345
315,Rajesh,999945504,SNAP,approved,300.0,AMEX,99994550412345
316,Rajesh,999945504,SNAP,approved,300.0,AMEX,99994550412345
317,Rajesh,999945504,SNAP,approved,300.0,AMEX,99994550412345
318,Rajesh,999945504,SNAP,approved,300.0,AMEX,99994550412345
319,Rajesh,999945504,SNAP,approved,300.0,AMEX,99994550412345
320,Rajesh,999945504,SNAP,approved,300.0,AMEX,99994550412345
321,Rajesh,999945504,SNAP,approved,300.0,AMEX,99994550412345
322,Rajesh,999945504,SNAP,approved,300.0,AMEX,99994550412345
323,Rajesh,999945504,SNAP,approved,300.0,AMEX,99994550412345
324,Rajesh,999945504,SNAP,approved,300.0,AMEX,99994550412345
325,Rajesh,999945504,SNAP,approved,300.0,AMEX,99994550412345
326,Rajesh,999945504,SNAP,approved,300.0,AMEX,99994550412345
327,Rajesh,999945504,SNAP,approved,300.0,AMEX,99994550412345
328,Rajesh,999945504,SNAP,approved,300.0,AMEX,99994550412345
329,Rajesh,999945504,SNAP,approved,300.0,AMEX,99994550412345
330,Rajesh,999945504,SNAP,approved,300.0,AMEX,99994550412345
331,Rajesh,999945504,SNAP,approved,300.0,AMEX,99994550412345
332,Rajesh,999945504,SNAP,approved,300.0,AMEX,99994550412345
333,Rajesh,999945504,SNAP,approved,300.0,AMEX,99994550412345
334,Rajesh,999945504,SNAP,approved,300.0,AMEX,99994550412345
335,Rajesh,999945504,SNAP,approved,300.0,AMEX,99994550412345
336,Rajesh,999945504,SNAP,approved,300.0,AMEX,99994550412345
337,Rajesh,999945504,SNAP,approved,300.0,AMEX,99994550412345
338,Rajesh,999945504,SNAP,approved,300.0,AMEX,99994550412345
339,Rajesh,999945504,SNAP,approved,300.0,AMEX,99994550412345
340,Rajesh,999945504,SNAP,approved,300.0,AMEX,99994550412345
341,Rajesh,999945504,SNAP,approved,300.0,AMEX,99994550412345
342,Rajesh,999945504,SNAP,approved,300.0,AMEX,99994550412345
343,Rajesh,999945504,SNAP,approved,300.0,AMEX,99994550412345
344,Rajesh,999945504,SNAP,approved,300.0,AMEX,99994550412345
345,Rajesh,999945504,SNAP,approved,300.0,AMEX,99994550412345
346,Rajesh,999945504,SNAP,approved,300.0,AMEX,99994550412345
347,Rajesh,999945504,SNAP,approved,300.0,AMEX,99994550412345
348,Rajesh,999945504,SNAP,approved,300.0,AMEX,99994550412345
349,Rajesh,999945504,SNAP,approved,300.0,AMEX,99994550412345
350,Rajesh,999945504,SNAP,approved,300.0,AMEX,99994550412345
351,Rajesh,999945504,SNAP,approved,300.0,AMEX,99994550412345
352,Rajesh,999945504,SNAP,approved,300.0,AMEX,99994550412345
353,Rajesh,999945504,SNAP,approved,300.0,AMEX,99994550412345
354,Rajesh,999945504,SNAP,approved,300.0,AMEX,99994550412345
355,Rajesh,999945504,SNAP,approved,300.0,AMEX,99994550412345
356,Rajesh,999945504,SNAP,approved,300.0,AMEX,99994550412345
357,Rajesh,999945504,SNAP,approved,300.0,AMEX,99994550412345
358,Rajesh,999945504,SNAP,approved,300.0,AMEX,99994550412345
359,Rajesh,999945504,SNAP,approved,300.0,AMEX,99994550412345
360,Rajesh,999945504,SNAP,approved,300.0,AMEX,99994550412345
361,Rajesh,999945504,SNAP,approved,300.0,AMEX,99994550412345
362,Rajesh,999945504,SNAP,approved,300.0,AMEX,99994550412345
363,Rajesh,999945504,SNAP,approved,300.0,AMEX,99994550412345
364,Rajesh,999945504,SNAP,approved,300.0,AMEX,99994550412345
365,Rajesh,999945504,SNAP,approved,300.0,AMEX,99994550412345
366,Rajesh,999945504,SNAP,approved,300.0,AMEX,99994550412345
367,Rajesh,999945504,SNAP,approved,300.0,AMEX,99994550412345
368,Rajesh,999945504,SNAP,approved,300.0,AMEX,99994550412345
369,Rajesh,999945504,SNAP,approved,300.0,AMEX,99994550412345
370,Rajesh,999945504,SNAP,approved,300.0,AMEX,99994550412345
371,Rajesh,999945504,SNAP,approved,300.0,AMEX,99994550412345
372,Rajesh,999945504,SNAP,approved,300.0,AMEX,99994550412345
373,Rajesh,999945504,SNAP,approved,300.0,AMEX,99994550412345
374,Rajesh,999945504,SNAP,approved,300.0,AMEX,99994550412345
375,Rajesh,999945504,SNAP,approved,300.0,AMEX,99994550412345
376,Rajesh,999945504,SNAP,approved,300.0,AMEX,99994550412345
377,Rajesh,999945504,SNAP,approved,300.0,AMEX,99994550412345
378,Rajesh,999945504,SNAP,approved,300.0,AMEX,99994550412345
379,Rajesh,999945504,SNAP,approved,300.0,AMEX,99994550412345
380,Rajesh,999945504,SNAP,approved,300.0,AMEX,99994550412345
381,Rajesh,999945504,SNAP,approved,300.0,AMEX,99994550412345
382,Rajesh,999945504,SNAP,approved,300.0,AMEX,99994550412345
383,Rajesh,999945504,SNAP,approved,300.0,AMEX,99994550412345
384,Rajesh,999945504,SNAP,approved,300.0,AMEX,99994550412345
385,Rajesh,999945504,SNAP,approved,300.0,AMEX,99994550412345
386,Rajesh,999945504,SNAP,approved,300.0,AMEX,99994550412345
387,Rajesh,999945504,SNAP,approved,300.0,AMEX,99994550412345
388,Rajesh,999945504,SNAP,approved,300.0,AMEX,99994550412345
389,Rajesh,999945504,SNAP,approved,300.0,AMEX,99994550412345
390,Rajesh,999945504,SNAP,approved,300.0,AMEX,99994550412345
391,Rajesh,999945504,SNAP,approved,300.0,AMEX,99994550412345
392,Rajesh,999945504,SNAP,approved,300.0,AMEX,99994550412345
393,Rajesh,999945504,SNAP,approved,300.0,AMEX,99994550412345
394,Rajesh,999945504,SNAP,approved,300.0,AMEX,99994550412345
395,Rajesh,999945504,SNAP,approved,300.0,AMEX,99994550412345
396,Rajesh,999945504,SNAP,approved,300.0,AMEX,99994550412345
397,Rajesh,999945504,SNAP,approved,300.0,AMEX,99994550412345
398,Rajesh,999945504,SNAP,approved,300.0,AMEX,99994550412345
399,Rajesh,999945504,SNAP,approved,300.0,AMEX,99994550412345
400,Rajesh,999945504,SNAP,approved,300.0,AMEX,99994550412345
401,Rajesh,999945504,SNAP,approved,300.0,AMEX,99994550412345
402,Rajesh,999945504,SNAP,approved,300.0,AMEX,99994550412345
403,Rajesh,999945504,SNAP,approved,300.0,AMEX,99994550412345
404,Rajesh,999945504,SNAP,approved,300.0,AMEX,99994550412345
405,Rajesh,999945504,SNAP,approved,300.0,AMEX,99994550412345
406,Rajesh,999945504,SNAP,approved,300.0,AMEX,99994550412345
407,Rajesh,999945504,SNAP,approved,300.0,AMEX,99994550412345
408,Rajesh,999945504,SNAP,approved,300.0,AMEX,99994550412345
409,Rajesh,999945504,SNAP,approved,300.0,AMEX,99994550412345
410,Rajesh,999945504,SNAP,approved,300.0,AMEX,99994550412345
411,Rajesh,999945504,SNAP,approved,300.0,AMEX,99994550412345
412,Rajesh,999945504,SNAP,approved,300.0,AMEX,99994550412345
413,Rajesh,999945504,SNAP,approved,300.0,AMEX,99994550412345
414,Rajesh,999945504,SNAP,approved,300.0,AMEX,99994550412345
415,Rajesh,999945504,SNAP,approved,300.0,AMEX,99994550412345
416,Rajesh,999945504,SNAP,approved,300.0,AMEX,99994550412345
417,Rajesh,999945504,SNAP,approved,300.0,AMEX,99994550412345
418,Rajesh,999945504,SNAP,approved,300.0,AMEX,99994550412345
419,Rajesh,999945504,SNAP,approved,300.0,AMEX,99994550412345
420,Rajesh,999945504,SNAP,approved,300.0,AMEX,99994550412345
421,Rajesh,999945504,SNAP,approved,300.0,AMEX,99994550412345
422,Rajesh,999945504,SNAP,approved,300.0,AMEX,99994550412345
423,Rajesh,999945504,SNAP,approved,300.0,AMEX,99994550412345
424,Rajesh,999945504,SNAP,approved,300.0,AMEX,99994550412345
425,Rajesh,999945504,SNAP,approved,300.0,AMEX,99994550412345
426,Rajesh,999945504,SNAP,approved,300.0,AMEX,99994550412345
427,Rajesh,999945504,SNAP,approved,300.0,AMEX,99994550412345
428,Rajesh,999945504,SNAP,approved,300.0,AMEX,99994550412345
429,Rajesh,999945504,SNAP,approved,300.0,AMEX,99994550412345
430,Rajesh,999945504,SNAP,approved,300.0,AMEX,99994550412345
431,Rajesh,999945504,SNAP,approved,300.0,AMEX,99994550412345
432,Rajesh,999945504,SNAP,approved,300.0,AMEX,99994550412345
433,Rajesh,999945504,SNAP,approved,300.0,AMEX,99994550412345
434,Rajesh,999945504,SNAP,approved,300.0,AMEX,99994550412345
435,Rajesh,999945504,SNAP,approved,300.0,AMEX,99994550412345
436,Rajesh,999945504,SNAP,approved,300.0,AMEX,99994550412345
437,Rajesh,999945504,SNAP,approved,300.0,AMEX,99994550412345
438,Rajesh,999945504,SNAP,approved,300.0,AMEX,99994550412345
439,Rajesh,999945504,SNAP,approved,300.0,AMEX,99994550412345
440,Rajesh,999945504,SNAP,approved,300.0,AMEX,99994550412345
441,Rajesh,999945504,SNAP,approved,300.0,AMEX,99994550412345
442,Rajesh,999945504,SNAP,approved,300.0,AMEX,99994550412345
443,Rajesh,999945504,SNAP,approved,300.0,AMEX,99994550412345
444,Rajesh,999945504,SNAP,approved,300.0,AMEX,99994550412345
445,Rajesh,999945504,SNAP,approved,300.0,AMEX,99994550412345
446,Rajesh,999945504,SNAP,approved,300.0,AMEX,99994550412345
447,Rajesh,999945504,SNAP,approved,300.0,AMEX,99994550412345
448,Rajesh,999945504,SNAP,approved,300.0,AMEX,99994550412345
449,Rajesh,999945504,SNAP,approved,300.0,AMEX,99994550412345
450,Rajesh,999945504,SNAP,approved,300.0,AMEX,99994550412345
451,Rajesh,999945504,SNAP,approved,300.0,AMEX,99994550412345
452,Rajesh,999945504,SNAP,approved,300.0,AMEX,99994550412345
453,Rajesh,999945504,SNAP,approved,300.0,AMEX,99994550412345
454,Rajesh,999945504,SNAP,approved,300.0,AMEX,99994550412345
455,Rajesh,999945504,SNAP,approved,300.0,AMEX,99994550412345
456,Rajesh,999945504,SNAP,approved,300.0,AMEX,99994550412345
457,Rajesh,999945504,SNAP,approved,300.0,AMEX,99994550412345
458,Rajesh,999945504,SNAP,approved,300.0,AMEX,99994550412345
459,Rajesh,999945504,SNAP,approved,300.0,AMEX,99994550412345
460,Rajesh,999945504,SNAP,approved,300.0,AMEX,99994550412345
461,Rajesh,999945504,SNAP,approved,300.0,AMEX,99994550412345
462,Rajesh,999945504,SNAP,approved,300.0,AMEX,99994550412345
463,Rajesh,999945504,SNAP,approved,300.0,AMEX,99994550412345
464,Rajesh,999945504,SNAP,approved,300.0,AMEX,99994550412345
465,Rajesh,999945504,SNAP,approved,300.0,AMEX,99994550412345
466,Rajesh,999945504,SNAP,approved,300.0,AMEX,99994550412345
467,Rajesh,999945504,SNAP,approved,300.0,AMEX,99994550412345
468,Rajesh,999945504,SNAP,approved,300.0,AMEX,99994550412345
469,Rajesh,999945504,SNAP,approved,300.0,AMEX,99994550412345
470,Rajesh,999945504,SNAP,approved,300.0,AMEX,99994550412345
471,Rajesh,999945504,SNAP,approved,300.0,AMEX,99994550412345
472,Rajesh,999945504,SNAP,approved,300.0,AMEX,99994550412345
473,Rajesh,999945504,SNAP,approved,300.0,AMEX,99994550412345
474,Rajesh,999945504,SNAP,approved,300.0,AMEX,99994550412345
475,Rajesh,999945504,SNAP,approved,300.0,AMEX,99994550412345
476,Rajesh,999945504,SNAP,approved,300.0,AMEX,99994550412345
477,Rajesh,999945504,SNAP,approved,300.0,AMEX,99994550412345
478,Rajesh,999945504,SNAP,approved,300.0,AMEX,99994550412345
479,Rajesh,999945504,SNAP,approved,300.0,AMEX,99994550412345
480,Rajesh,999945504,SNAP,approved,300.0,AMEX,99994550412345
481,Rajesh,999945504,SNAP,approved,300.0,AMEX,99994550412345
482,Rajesh,999945504,SNAP,approved,300.0,AMEX,99994550412345
483,Rajesh,999945504,SNAP,approved,300.0,AMEX,99994550412345
484,Rajesh,999945504,SNAP,approved,300.0,AMEX,99994550412345
485,Rajesh,999945504,SNAP,approved,300.0,AMEX,99994550412345
486,Rajesh,999945504,SNAP,approved,300.0,AMEX,99994550412345
487,Rajesh,999945504,SNAP,approved,300.0,AMEX,99994550412345
488,Rajesh,999945504,SNAP,approved,300.0,AMEX,99994550412345
489,Rajesh,999945504,SNAP,approved,300.0,AMEX,99994550412345
490,Rajesh,999945504,SNAP,approved,300.0,AMEX,99994550412345
491,Rajesh,999945504,SNAP,approved,300.0,AMEX,99994550412345
492,Rajesh,999945504,SNAP,approved,300.0,AMEX,99994550412345
493,Rajesh,999945504,SNAP,approved,300.0,AMEX,99994550412345
494,Rajesh,999945504,SNAP,approved,300.0,AMEX,99994550412345
495,Rajesh,999945504,SNAP,approved,300.0,AMEX,99994550412345
496,Rajesh,999945504,SNAP,approved,300.0,AMEX,99994550412345
497,Rajesh,999945504,SNAP,approved,300.0,AMEX,99994550412345
498,Rajesh,999945504,SNAP,approved,300.0,AMEX,99994550412345
499,Rajesh,999945504,SNAP,approved,300.0,AMEX,99994550412345
500,Rajesh,999945504,SNAP,approved,300.0,AMEX,99994550412345
501,Rajesh,999945504,SNAP,approved,300.0,AMEX,99994550412345
502,Rajesh,999945504,SNAP,approved,300.0,AMEX,99994550412345
503,Rajesh,999945504,SNAP,approved,300.0,AMEX,99994550412345
504,Rajesh,999945504,SNAP,approved,300.0,AMEX,99994550412345
505,Rajesh,999945504,SNAP,approved,300.0,AMEX,99994550412345
506,Rajesh,999945504,SNAP,approved,300.0,AMEX,99994550412345
507,Rajesh,999945504,SNAP,approved,300.0,AMEX,99994550412345
508,Rajesh,999945504,SNAP,approved,300.0,AMEX,99994550412345
509,Rajesh,999945504,SNAP,approved,300.0,AMEX,99994550412345
510,Rajesh,999945504,SNAP,approved,300.0,AMEX,99994550412345
511,Rajesh,999945504,SNAP,approved,300.0,AMEX,99994550412345
512,Rajesh,999945504,SNAP,approved,300.0,AMEX,99994550412345
513,Rajesh,999945504,SNAP,approved,300.0,AMEX,99994550412345
514,Rajesh,999945504,SNAP,approved,300.0,AMEX,99994550412345
515,Rajesh,999945504,SNAP,approved,300.0,AMEX,99994550412345
516,Rajesh,999945504,SNAP,approved,300.0,AMEX,99994550412345
517,Rajesh,999945504,SNAP,approved,300.0,AMEX,99994550412345
518,Rajesh,999945504,SNAP,approved,300.0,AMEX,99994550412345
519,Rajesh,999945504,SNAP,approved,300.0,AMEX,99994550412345
520,Rajesh,999945504,SNAP,approved,300.0,AMEX,99994550412345
521,Rajesh,999945504,SNAP,approved,300.0,AMEX,99994550412345
522,Rajesh,999945504,SNAP,approved,300.0,AMEX,99994550412345
523,Rajesh,999945504,SNAP,approved,300.0,AMEX,99994550412345
524,Rajesh,999945504,SNAP,approved,300.0,AMEX,99994550412345
525,Rajesh,999945504,SNAP,approved,300.0,AMEX,99994550412345
526,Rajesh,999945504,SNAP,approved,300.0,AMEX,99994550412345
527,Rajesh,999945504,SNAP,approved,300.0,AMEX,99994550412345
528,Rajesh,999945504,SNAP,approved,300.0,AMEX,99994550412345
529,Rajesh,999945504,SNAP,approved,300.0,AMEX,99994550412345
530,Rajesh,999945504,SNAP,approved,300.0,AMEX,99994550412345
531,Rajesh,999945504,SNAP,approved,300.0,AMEX,99994550412345
532,Rajesh,999945504,SNAP,approved,300.0,AMEX,99994550412345
533,Rajesh,999945504,SNAP,approved,300.0,AMEX,99994550412345
534,Rajesh,999945504,SNAP,approved,300.0,AMEX,99994550412345
535,Rajesh,999945504,SNAP,approved,300.0,AMEX,99994550412345
536,Rajesh,999945504,SNAP,approved,300.0,AMEX,99994550412345
537,Rajesh,999945504,SNAP,approved,300.0,AMEX,99994550412345
538,Rajesh,999945504,SNAP,approved,300.0,AMEX,99994550412345
539,Rajesh,999945504,SNAP,approved,300.0,AMEX,99994550412345
540,Rajesh,999945504,SNAP,approved,300.0,AMEX,99994550412345
541,Rajesh,999945504,SNAP,approved,300.0,AMEX,99994550412345
542,Rajesh,999945504,SNAP,approved,300.0,AMEX,99994550412345
543,Rajesh,999945504,SNAP,approved,300.0,AMEX,99994550412345
544,Rajesh,999945504,SNAP,approved,300.0,AMEX,99994550412345
545,Rajesh,999945504,SNAP,approved,300.0,AMEX,99994550412345
546,Rajesh,999945504,SNAP,approved,300.0,AMEX,99994550412345
547,Rajesh,999945504,SNAP,approved,300.0,AMEX,99994550412345
548,Rajesh,999945504,SNAP,approved,300.0,AMEX,99994550412345
549,Rajesh,999945504,SNAP,approved,300.0,AMEX,99994550412345
550,Rajesh,999945504,SNAP,approved,300.0,AMEX,99994550412345
551,Rajesh,999945504,SNAP,approved,300.0,AMEX,99994550412345
552,Rajesh,999945504,SNAP,approved,300.0,AMEX,99994550412345
553,Rajesh,999945504,SNAP,approved,300.0,AMEX,99994550412345
554,Rajesh,999945504,SNAP,approved,300.0,AMEX,99994550412345
555,Rajesh,999945504,SNAP,approved,300.0,AMEX,99994550412345
556,Rajesh,999945504,SNAP,approved,300.0,AMEX,99994550412345
557,Rajesh,999945504,SNAP,approved,300.0,AMEX,99994550412345
558,Rajesh,999945504,SNAP,approved,300.0,AMEX,99994550412345
559,Rajesh,999945504,SNAP,approved,300.0,AMEX,99994550412345
560,Rajesh,999945504,SNAP,approved,300.0,AMEX,99994550412345
561,Rajesh,999945504,SNAP,approved,300.0,AMEX,99994550412345
562,Rajesh,999945504,SNAP,approved,300.0,AMEX,99994550412345
563,Rajesh,999945504,SNAP,approved,300.0,AMEX,99994550412345
564,Rajesh,999945504,SNAP,approved,300.0,AMEX,99994550412345
565,Rajesh,999945504,SNAP,approved,300.0,AMEX,99994550412345
566,Rajesh,999945504,SNAP,approved,300.0,AMEX,99994550412345
567,Rajesh,999945504,SNAP,approved,300.0,AMEX,99994550412345
568,Rajesh,999945504,SNAP,approved,300.0,AMEX,99994550412345
569,Rajesh,999945504,SNAP,approved,300.0,AMEX,99994550412345
570,Rajesh,999945504,SNAP,approved,300.0,AMEX,99994550412345
571,Rajesh,999945504,SNAP,approved,300.0,AMEX,99994550412345
572,Rajesh,999945504,SNAP,approved,300.0,AMEX,99994550412345
573,Rajesh,999945504,SNAP,approved,300.0,AMEX,99994550412345
574,Rajesh,999945504,SNAP,approved,300.0,AMEX,99994550412345
575,Rajesh,999945504,SNAP,approved,300.0,AMEX,99994550412345
576,Rajesh,999945504,SNAP,approved,300.0,AMEX,99994550412345
577,Rajesh,999945504,SNAP,approved,300.0,AMEX,99994550412345
578,Rajesh,999945504,SNAP,approved,300.0,AMEX,99994550412345
579,Rajesh,999945504,SNAP,approved,300.0,AMEX,99994550412345
580,Rajesh,999945504,SNAP,approved,300.0,AMEX,99994550412345
581,Rajesh,999945504,SNAP,approved,300.0,AMEX,99994550412345
582,Rajesh,999945504,SNAP,approved,300.0,AMEX,99994550412345
583,Rajesh,999945504,SNAP,approved,300.0,AMEX,99994550412345
584,Rajesh,999945504,SNAP,approved,300.0,AMEX,99994550412345
585,Rajesh,999945504,SNAP,approved,300.0,AMEX,99994550412345
586,Rajesh,999945504,SNAP,approved,300.0,AMEX,99994550412345
587,Rajesh,999945504,SNAP,approved,300.0,AMEX,99994550412345
588,Rajesh,999945504,SNAP,approved,300.0,AMEX,99994550412345
589,Rajesh,999945504,SNAP,approved,300.0,AMEX,99994550412345
590,Rajesh,999945504,SNAP,approved,300.0,AMEX,99994550412345
591,Rajesh,999945504,SNAP,approved,300.0,AMEX,99994550412345
592,Rajesh,999945504,SNAP,approved,300.0,AMEX,99994550412345
593,Rajesh,999945504,SNAP,approved,300.0,AMEX,99994550412345
594,Rajesh,999945504,SNAP,approved,300.0,AMEX,99994550412345
595,Rajesh,999945504,SNAP,approved,300.0,AMEX,99994550412345
596,Rajesh,999945504,SNAP,approved,300.0,AMEX,99994550412345
597,Rajesh,999945504,SNAP,approved,300.0,AMEX,99994550412345
598,Rajesh,999945504,SNAP,approved,300.0,AMEX,99994550412345
599,Rajesh,999945504,SNAP,approved,300.0,AMEX,99994550412345
600,Rajesh,999945504,SNAP,approved,300.0,AMEX,99994550412345
601,Rajesh,999945504,SNAP,approved,300.0,AMEX,99994550412345
602,Rajesh,999945504,SNAP,approved,300.0,AMEX,99994550412345
603,Rajesh,999945504,SNAP,approved,300.0,AMEX,99994550412345
604,Rajesh,999945504,SNAP,approved,300.0,AMEX,99994550412345
605,Rajesh,999945504,SNAP,approved,300.0,AMEX,99994550412345
606,Rajesh,999945504,SNAP,approved,300.0,AMEX,99994550412345
607,Rajesh,999945504,SNAP,approved,300.0,AMEX,99994550412345
608,Rajesh,999945504,SNAP,approved,300.0,AMEX,99994550412345
609,Rajesh,999945504,SNAP,approved,300.0,AMEX,99994550412345
610,Rajesh,999945504,SNAP,approved,300.0,AMEX,99994550412345
611,Rajesh,999945504,SNAP,approved,300.0,AMEX,99994550412345
612,Rajesh,999945504,SNAP,approved,300.0,AMEX,99994550412345
613,Rajesh,999945504,SNAP,approved,300.0,AMEX,99994550412345
614,Rajesh,999945504,SNAP,approved,300.0,AMEX,99994550412345
615,Rajesh,999945504,SNAP,approved,300.0,AMEX,99994550412345
616,Rajesh,999945504,SNAP,approved,300.0,AMEX,99994550412345
617,Rajesh,999945504,SNAP,approved,300.0,AMEX,99994550412345
618,Rajesh,999945504,SNAP,approved,300.0,AMEX,99994550412345
619,Rajesh,999945504,SNAP,approved,300.0,AMEX,99994550412345
620,Rajesh,999945504,SNAP,approved,300.0,AMEX,99994550412345
621,Rajesh,999945504,SNAP,approved,300.0,AMEX,99994550412345
622,Rajesh,999945504,SNAP,approved,300.0,AMEX,99994550412345
623,Rajesh,999945504,SNAP,approved,300.0,AMEX,99994550412345
624,Rajesh,999945504,SNAP,approved,300.0,AMEX,99994550412345
625,Rajesh,999945504,SNAP,approved,300.0,AMEX,99994550412345
626,Rajesh,999945504,SNAP,approved,300.0,AMEX,99994550412345
627,Rajesh,999945504,SNAP,approved,300.0,AMEX,99994550412345
628,Rajesh,999945504,SNAP,approved,300.0,AMEX,99994550412345
629,Rajesh,999945504,SNAP,approved,300.0,AMEX,99994550412345
630,Rajesh,999945504,SNAP,approved,300.0,AMEX,99994550412345
631,Rajesh,999945504,SNAP,approved,300.0,AMEX,99994550412345
632,Rajesh,999945504,SNAP,approved,300.0,AMEX,99994550412345
633,Rajesh,999945504,SNAP,approved,300.0,AMEX,99994550412345
634,Rajesh,999945504,SNAP,approved,300.0,AMEX,99994550412345
635,Rajesh,999945504,SNAP,approved,300.0,AMEX,99994550412345
636,Rajesh,999945504,SNAP,approved,300.0,AMEX,99994550412345
637,Rajesh,999945504,SNAP,approved,300.0,AMEX,99994550412345
638,Rajesh,999945504,SNAP,approved,300.0,AMEX,99994550412345
639,Rajesh,999945504,SNAP,approved,300.0,AMEX,99994550412345
640,Rajesh,999945504,SNAP,approved,300.0,AMEX,99994550412345
641,Rajesh,999945504,SNAP,approved,300.0,AMEX,99994550412345
642,Rajesh,999945504,SNAP,approved,300.0,AMEX,99994550412345
643,Rajesh,999945504,SNAP,approved,300.0,AMEX,99994550412345
644,Rajesh,999945504,SNAP,approved,300.0,AMEX,99994550412345
645,Rajesh,999945504,SNAP,approved,300.0,AMEX,99994550412345
646,Rajesh,999945504,SNAP,approved,300.0,AMEX,99994550412345
647,Rajesh,999945504,SNAP,approved,300.0,AMEX,99994550412345
648,Rajesh,999945504,SNAP,approved,300.0,AMEX,99994550412345
649,Rajesh,999945504,SNAP,approved,300.0,AMEX,99994550412345
650,Rajesh,999945504,SNAP,approved,300.0,AMEX,99994550412345
651,Rajesh,999945504,SNAP,approved,300.0,AMEX,99994550412345
652,Rajesh,999945504,SNAP,approved,300.0,AMEX,99994550412345
653,Rajesh,999945504,SNAP,approved,300.0,AMEX,99994550412345
654,Rajesh,999945504,SNAP,approved,300.0,AMEX,99994550412345
655,Rajesh,999945504,SNAP,approved,300.0,AMEX,99994550412345
656,Rajesh,999945504,SNAP,approved,300.0,AMEX,99994550412345
657,Rajesh,999945504,SNAP,approved,300.0,AMEX,99994550412345
658,Rajesh,999945504,SNAP,approved,300.0,AMEX,99994550412345
659,Rajesh,999945504,SNAP,approved,300.0,AMEX,99994550412345
660,Rajesh,999945504,SNAP,approved,300.0,AMEX,99994550412345
661,Rajesh,999945504,SNAP,approved,300.0,AMEX,99994550412345
662,Rajesh,999945504,SNAP,approved,300.0,AMEX,99994550412345
663,Rajesh,999945504,SNAP,approved,300.0,AMEX,99994550412345
664,Rajesh,999945504,SNAP,approved,300.0,AMEX,99994550412345
665,Rajesh,999945504,SNAP,approved,300.0,AMEX,99994550412345
666,Rajesh,999945504,SNAP,approved,300.0,AMEX,99994550412345
667,Rajesh,999945504,SNAP,approved,300.0,AMEX,99994550412345
668,Rajesh,999945504,SNAP,approved,300.0,AMEX,99994550412345
669,Rajesh,999945504,SNAP,approved,300.0,AMEX,99994550412345
670,Rajesh,999945504,SNAP,approved,300.0,AMEX,99994550412345
671,Rajesh,999945504,SNAP,approved,300.0,AMEX,99994550412345
672,Rajesh,999945504,SNAP,approved,300.0,AMEX,99994550412345
673,Rajesh,999945504,SNAP,approved,300.0,AMEX,99994550412345
674,Rajesh,999945504,SNAP,approved,300.0,AMEX,99994550412345
675,Rajesh,999945504,SNAP,approved,300.0,AMEX,99994550412345
676,Rajesh,999945504,SNAP,approved,300.0,AMEX,99994550412345
677,Rajesh,999945504,SNAP,approved,300.0,AMEX,99994550412345
678,Rajesh,999945504,SNAP,approved,300.0,AMEX,99994550412345
679,Rajesh,999945504,SNAP,approved,300.0,AMEX,99994550412345
680,Rajesh,999945504,SNAP,approved,300.0,AMEX,99994550412345
681,Rajesh,999945504,SNAP,approved,300.0,AMEX,99994550412345
682,Rajesh,999945504,SNAP,approved,300.0,AMEX,99994550412345
683,Rajesh,999945504,SNAP,approved,300.0,AMEX,99994550412345
684,Rajesh,999945504,SNAP,approved,300.0,AMEX,99994550412345
685,Rajesh,999945504,SNAP,approved,300.0,AMEX,99994550412345
686,Rajesh,999945504,SNAP,approved,300.0,AMEX,99994550412345
687,Rajesh,999945504,SNAP,approved,300.0,AMEX,99994550412345
688,Rajesh,999945504,SNAP,approved,300.0,AMEX,99994550412345
689,Rajesh,999945504,SNAP,approved,300.0,AMEX,99994550412345
690,Rajesh,999945504,SNAP,approved,300.0,AMEX,99994550412345
691,Rajesh,999945504,SNAP,approved,300.0,AMEX,99994550412345
692,Rajesh,999945504,SNAP,approved,300.0,AMEX,99994550412345
693,Rajesh,999945504,SNAP,approved,300.0,AMEX,99994550412345
694,Rajesh,999945504,SNAP,approved,300.0,AMEX,99994550412345
695,Rajesh,999945504,SNAP,approved,300.0,AMEX,99994550412345
696,Rajesh,999945504,SNAP,approved,300.0,AMEX,99994550412345
697,Rajesh,999945504,SNAP,approved,300.0,AMEX,99994550412345
698,Rajesh,999945504,SNAP,approved,300.0,AMEX,99994550412345
699,Rajesh,999945504,SNAP,approved,300.0,AMEX,99994550412345
700,Rajesh,999945504,SNAP,approved,300.0,AMEX,99994550412345
701,Rajesh,999945504,SNAP,approved,300.0,AMEX,99994550412345
702,Rajesh,999945504,SNAP,approved,300.0,AMEX,99994550412345
703,Rajesh,999945504,SNAP,approved,300.0,AMEX,99994550412345
704,Rajesh,999945504,SNAP,approved,300.0,AMEX,99994550412345
705,Rajesh,999945504,SNAP,approved,300.0,AMEX,99994550412345
706,Rajesh,999945504,SNAP,approved,300.0,AMEX,99994550412345
707,Rajesh,999945504,SNAP,approved,300.0,AMEX,99994550412345
708,Rajesh,999945504,SNAP,approved,300.0,AMEX,99994550412345
709,Rajesh,999945504,SNAP,approved,300.0,AMEX,99994550412345
710,Rajesh,999945504,SNAP,approved,300.0,AMEX,99994550412345
711,Rajesh,999945504,SNAP,approved,300.0,AMEX,99994550412345
712,Rajesh,999945504,SNAP,approved,300.0,AMEX,99994550412345
713,Rajesh,999945504,SNAP,approved,300.0,AMEX,99994550412345
714,Rajesh,999945504,SNAP,approved,300.0,AMEX,99994550412345
715,Rajesh,999945504,SNAP,approved,300.0,AMEX,99994550412345
716,Rajesh,999945504,SNAP,approved,300.0,AMEX,99994550412345
717,Rajesh,999945504,SNAP,approved,300.0,AMEX,99994550412345
718,Rajesh,999945504,SNAP,approved,300.0,AMEX,99994550412345
719,Rajesh,999945504,SNAP,approved,300.0,AMEX,99994550412345
720,Rajesh,999945504,SNAP,approved,300.0,AMEX,99994550412345
721,Rajesh,999945504,SNAP,approved,300.0,AMEX,99994550412345
722,Rajesh,999945504,SNAP,approved,300.0,AMEX,99994550412345
723,Rajesh,999945504,SNAP,approved,300.0,AMEX,99994550412345
724,Rajesh,999945504,SNAP,approved,300.0,AMEX,99994550412345
725,Rajesh,999945504,SNAP,approved,300.0,AMEX,99994550412345
726,Rajesh,999945504,SNAP,approved,300.0,AMEX,99994550412345
727,Rajesh,999945504,SNAP,approved,300.0,AMEX,99994550412345
728,Rajesh,999945504,SNAP,approved,300.0,AMEX,99994550412345
729,Rajesh,999945504,SNAP,approved,300.0,AMEX,99994550412345
730,Rajesh,999945504,SNAP,approved,300.0,AMEX,99994550412345
731,Rajesh,999945504,SNAP,approved,300.0,AMEX,99994550412345
732,Rajesh,999945504,SNAP,approved,300.0,AMEX,99994550412345
733,Rajesh,999945504,SNAP,approved,300.0,AMEX,99994550412345
734,Rajesh,999945504,SNAP,approved,300.0,AMEX,99994550412345
735,Rajesh,999945504,SNAP,approved,300.0,AMEX,99994550412345
736,Rajesh,999945504,SNAP,approved,300.0,AMEX,99994550412345
737,Rajesh,999945504,SNAP,approved,300.0,AMEX,99994550412345
738,Rajesh,999945504,SNAP,approved,300.0,AMEX,99994550412345
739,Rajesh,999945504,SNAP,approved,300.0,AMEX,99994550412345
740,Rajesh,999945504,SNAP,approved,300.0,AMEX,99994550412345
741,Rajesh,999945504,SNAP,approved,300.0,AMEX,99994550412345
742,Rajesh,999945504,SNAP,approved,300.0,AMEX,99994550412345
743,Rajesh,999945504,SNAP,approved,300.0,AMEX,99994550412345
744,Rajesh,999945504,SNAP,approved,300.0,AMEX,99994550412345
745,Rajesh,999945504,SNAP,approved,300.0,AMEX,99994550412345
746,Rajesh,999945504,SNAP,approved,300.0,AMEX,99994550412345
747,Rajesh,999945504,SNAP,approved,300.0,AMEX,99994550412345
748,Rajesh,999945504,SNAP,approved,300.0,AMEX,99994550412345
749,Rajesh,999945504,SNAP,approved,300.0,AMEX,99994550412345
750,Rajesh,999945504,SNAP,approved,300.0,AMEX,99994550412345
751,Rajesh,999945504,SNAP,approved,300.0,AMEX,99994550412345
752,Rajesh,999945504,SNAP,approved,300.0,AMEX,99994550412345
753,Rajesh,999945504,SNAP,approved,300.0,AMEX,99994550412345
754,Rajesh,999945504,SNAP,approved,300.0,AMEX,99994550412345
755,Rajesh,999945504,SNAP,approved,300.0,AMEX,99994550412345
756,Rajesh,999945504,SNAP,approved,300.0,AMEX,99994550412345
757,Rajesh,999945504,SNAP,approved,300.0,AMEX,99994550412345
758,Rajesh,999945504,SNAP,approved,300.0,AMEX,99994550412345
759,Rajesh,999945504,SNAP,approved,300.0,AMEX,99994550412345
760,Rajesh,999945504,SNAP,approved,300.0,AMEX,99994550412345
761,Rajesh,999945504,SNAP,approved,300.0,AMEX,99994550412345
762,Rajesh,999945504,SNAP,approved,300.0,AMEX,99994550412345
763,Rajesh,999945504,SNAP,approved,300.0,AMEX,99994550412345
764,Rajesh,999945504,SNAP,approved,300.0,AMEX,99994550412345
765,Rajesh,999945504,SNAP,approved,300.0,AMEX,99994550412345
766,Rajesh,999945504,SNAP,approved,300.0,AMEX,99994550412345
767,Rajesh,999945504,SNAP,approved,300.0,AMEX,99994550412345
768,Rajesh,999945504,SNAP,approved,300.0,AMEX,99994550412345
769,Rajesh,999945504,SNAP,approved,300.0,AMEX,99994550412345
770,Rajesh,999945504,SNAP,approved,300.0,AMEX,99994550412345
771,Rajesh,999945504,SNAP,approved,300.0,AMEX,99994550412345
772,Rajesh,999945504,SNAP,approved,300.0,AMEX,99994550412345
773,Rajesh,999945504,SNAP,approved,300.0,AMEX,99994550412345
774,Rajesh,999945504,SNAP,approved,300.0,AMEX,99994550412345
775,Rajesh,999945504,SNAP,approved,300.0,AMEX,99994550412345
776,Rajesh,999945504,SNAP,approved,300.0,AMEX,99994550412345
777,Rajesh,999945504,SNAP,approved,300.0,AMEX,99994550412345
778,Rajesh,999945504,SNAP,approved,300.0,AMEX,99994550412345
779,Rajesh,999945504,SNAP,approved,300.0,AMEX,99994550412345
780,Rajesh,999945504,SNAP,approved,300.0,AMEX,99994550412345
781,Rajesh,999945504,SNAP,approved,300.0,AMEX,99994550412345
782,Rajesh,999945504,SNAP,approved,300.0,AMEX,99994550412345
783,Rajesh,999945504,SNAP,approved,300.0,AMEX,99994550412345
784,Rajesh,999945504,SNAP,approved,300.0,AMEX,99994550412345
785,Rajesh,999945504,SNAP,approved,300.0,AMEX,99994550412345
786,Rajesh,999945504,SNAP,approved,300.0,AMEX,99994550412345
787,Rajesh,999945504,SNAP,approved,300.0,AMEX,99994550412345
788,Rajesh,999945504,SNAP,approved,300.0,AMEX,99994550412345
789,Rajesh,999945504,SNAP,approved,300.0,AMEX,99994550412345
790,Rajesh,999945504,SNAP,approved,300.0,AMEX,99994550412345
791,Rajesh,999945504,SNAP,approved,300.0,AMEX,99994550412345
792,Rajesh,999945504,SNAP,approved,300.0,AMEX,99994550412345
793,Rajesh,999945504,SNAP,approved,300.0,AMEX,99994550412345
794,Rajesh,999945504,SNAP,approved,300.0,AMEX,99994550412345
795,Rajesh,999945504,SNAP,approved,300.0,AMEX,99994550412345
796,Rajesh,999945504,SNAP,approved,300.0,AMEX,99994550412345
797,Rajesh,999945504,SNAP,approved,300.0,AMEX,99994550412345
798,Rajesh,999945504,SNAP,approved,300.0,AMEX,99994550412345
799,Rajesh,999945504,SNAP,approved,300.0,AMEX,99994550412345
800,Rajesh,999945504,SNAP,approved,300.0,AMEX,99994550412345
801,Rajesh,999945504,SNAP,approved,300.0,AMEX,99994550412345
802,Rajesh,999945504,SNAP,approved,300.0,AMEX,99994550412345
803,Rajesh,999945504,SNAP,approved,300.0,AMEX,99994550412345
804,Rajesh,999945504,SNAP,approved,300.0,AMEX,99994550412345
805,Rajesh,999945504,SNAP,approved,300.0,AMEX,99994550412345
806,Rajesh,999945504,SNAP,approved,300.0,AMEX,99994550412345
807,Rajesh,999945504,SNAP,approved,300.0,AMEX,99994550412345
808,Rajesh,999945504,SNAP,approved,300.0,AMEX,99994550412345
809,Rajesh,999945504,SNAP,approved,300.0,AMEX,99994550412345
810,Rajesh,999945504,SNAP,approved,300.0,AMEX,99994550412345
811,Rajesh,999945504,SNAP,approved,300.0,AMEX,99994550412345
812,Rajesh,999945504,SNAP,approved,300.0,AMEX,99994550412345
813,Rajesh,999945504,SNAP,approved,300.0,AMEX,99994550412345
814,Rajesh,999945504,SNAP,approved,300.0,AMEX,99994550412345
815,Rajesh,999945504,SNAP,approved,300.0,AMEX,99994550412345
816,Rajesh,999945504,SNAP,approved,300.0,AMEX,99994550412345
817,Rajesh,999945504,SNAP,approved,300.0,AMEX,99994550412345
818,Rajesh,999945504,SNAP,approved,300.0,AMEX,99994550412345
819,Rajesh,999945504,SNAP,approved,300.0,AMEX,99994550412345
820,Rajesh,999945504,SNAP,approved,300.0,AMEX,99994550412345
821,Rajesh,999945504,SNAP,approved,300.0,AMEX,99994550412345
822,Rajesh,999945504,SNAP,approved,300.0,AMEX,99994550412345
823,Rajesh,999945504,SNAP,approved,300.0,AMEX,99994550412345
824,Rajesh,999945504,SNAP,approved,300.0,AMEX,99994550412345
825,Rajesh,999945504,SNAP,approved,300.0,AMEX,99994550412345
826,Rajesh,999945504,SNAP,approved,300.0,AMEX,99994550412345
827,Rajesh,999945504,SNAP,approved,300.0,AMEX,99994550412345
828,Rajesh,999945504,SNAP,approved,300.0,AMEX,99994550412345
829,Rajesh,999945504,SNAP,approved,300.0,AMEX,99994550412345
830,Rajesh,999945504,SNAP,approved,300.0,AMEX,99994550412345
831,Rajesh,999945504,SNAP,approved,300.0,AMEX,99994550412345
832,Rajesh,999945504,SNAP,approved,300.0,AMEX,99994550412345
833,Rajesh,999945504,SNAP,approved,300.0,AMEX,99994550412345
834,Rajesh,999945504,SNAP,approved,300.0,AMEX,99994550412345
835,Rajesh,999945504,SNAP,approved,300.0,AMEX,99994550412345
836,Rajesh,999945504,SNAP,approved,300.0,AMEX,99994550412345
837,Rajesh,999945504,SNAP,approved,300.0,AMEX,99994550412345
838,Rajesh,999945504,SNAP,approved,300.0,AMEX,99994550412345
839,Rajesh,999945504,SNAP,approved,300.0,AMEX,99994550412345
840,Rajesh,999945504,SNAP,approved,300.0,AMEX,99994550412345
841,Rajesh,999945504,SNAP,approved,300.0,AMEX,99994550412345
842,Rajesh,999945504,SNAP,approved,300.0,AMEX,99994550412345
843,Rajesh,999945504,SNAP,approved,300.0,AMEX,99994550412345
844,Rajesh,999945504,SNAP,approved,300.0,AMEX,99994550412345
845,Rajesh,999945504,SNAP,approved,300.0,AMEX,99994550412345
846,Rajesh,999945504,SNAP,approved,300.0,AMEX,99994550412345
847,Rajesh,999945504,SNAP,approved,300.0,AMEX,99994550412345
848,Rajesh,999945504,SNAP,approved,300.0,AMEX,99994550412345
849,Rajesh,999945504,SNAP,approved,300.0,AMEX,99994550412345
850,Rajesh,999945504,SNAP,approved,300.0,AMEX,99994550412345
851,Rajesh,999945504,SNAP,approved,300.0,AMEX,99994550412345
852,Rajesh,999945504,SNAP,approved,300.0,AMEX,99994550412345
853,Rajesh,999945504,SNAP,approved,300.0,AMEX,99994550412345
854,Rajesh,999945504,SNAP,approved,300.0,AMEX,99994550412345
855,Rajesh,999945504,SNAP,approved,300.0,AMEX,99994550412345
856,Rajesh,999945504,SNAP,approved,300.0,AMEX,99994550412345
857,Rajesh,999945504,SNAP,approved,300.0,AMEX,99994550412345
858,Rajesh,999945504,SNAP,approved,300.0,AMEX,99994550412345
859,Rajesh,999945504,SNAP,approved,300.0,AMEX,99994550412345
860,Rajesh,999945504,SNAP,approved,300.0,AMEX,99994550412345
861,Rajesh,999945504,SNAP,approved,300.0,AMEX,99994550412345
862,Rajesh,999945504,SNAP,approved,300.0,AMEX,99994550412345
863,Rajesh,999945504,SNAP,approved,300.0,AMEX,99994550412345
864,Rajesh,999945504,SNAP,approved,300.0,AMEX,99994550412345
865,Rajesh,999945504,SNAP,approved,300.0,AMEX,99994550412345
866,Rajesh,999945504,SNAP,approved,300.0,AMEX,99994550412345
867,Rajesh,999945504,SNAP,approved,300.0,AMEX,99994550412345
868,Rajesh,999945504,SNAP,approved,300.0,AMEX,99994550412345
869,Rajesh,999945504,SNAP,approved,300.0,AMEX,99994550412345
870,Rajesh,999945504,SNAP,approved,300.0,AMEX,99994550412345
871,Rajesh,999945504,SNAP,approved,300.0,AMEX,99994550412345
872,Rajesh,999945504,SNAP,approved,300.0,AMEX,99994550412345
873,Rajesh,999945504,SNAP,approved,300.0,AMEX,99994550412345
874,Rajesh,999945504,SNAP,approved,300.0,AMEX,99994550412345
875,Rajesh,999945504,SNAP,approved,300.0,AMEX,99994550412345
876,Rajesh,999945504,SNAP,approved,300.0,AMEX,99994550412345
877,Rajesh,999945504,SNAP,approved,300.0,AMEX,99994550412345
878,Rajesh,999945504,SNAP,approved,300.0,AMEX,99994550412345
879,Rajesh,999945504,SNAP,approved,300.0,AMEX,99994550412345
880,Rajesh,999945504,SNAP,approved,300.0,AMEX,99994550412345
881,Rajesh,999945504,SNAP,approved,300.0,AMEX,99994550412345
882,Rajesh,999945504,SNAP,approved,300.0,AMEX,99994550412345
883,Rajesh,999945504,SNAP,approved,300.0,AMEX,99994550412345
884,Rajesh,999945504,SNAP,approved,300.0,AMEX,99994550412345
885,Rajesh,999945504,SNAP,approved,300.0,AMEX,99994550412345
886,Rajesh,999945504,SNAP,approved,300.0,AMEX,99994550412345
887,Rajesh,999945504,SNAP,approved,300.0,AMEX,99994550412345
888,Rajesh,999945504,SNAP,approved,300.0,AMEX,99994550412345
889,Rajesh,999945504,SNAP,approved,300.0,AMEX,99994550412345
890,Rajesh,999945504,SNAP,approved,300.0,AMEX,99994550412345
891,Rajesh,999945504,SNAP,approved,300.0,AMEX,99994550412345
892,Rajesh,999945504,SNAP,approved,300.0,AMEX,99994550412345
893,Rajesh,999945504,SNAP,approved,300.0,AMEX,99994550412345
894,Rajesh,999945504,SNAP,approved,300.0,AMEX,99994550412345
895,Rajesh,999945504,SNAP,approved,300.0,AMEX,99994550412345
896,Rajesh,999945504,SNAP,approved,300.0,AMEX,99994550412345
897,Rajesh,999945504,SNAP,approved,300.0,AMEX,99994550412345
898,Rajesh,999945504,SNAP,approved,300.0,AMEX,99994550412345
899,Rajesh,999945504,SNAP,approved,300.0,AMEX,99994550412345
900,Rajesh,999945504,SNAP,approved,300.0,AMEX,99994550412345
901,Rajesh,999945504,SNAP,approved,300.0,AMEX,99994550412345
902,Rajesh,999945504,SNAP,approved,300.0,AMEX,99994550412345
903,Rajesh,999945504,SNAP,approved,300.0,AMEX,99994550412345
904,Rajesh,999945504,SNAP,approved,300.0,AMEX,99994550412345
905,Rajesh,999945504,SNAP,approved,300.0,AMEX,99994550412345
906,Rajesh,999945504,SNAP,approved,300.0,AMEX,99994550412345
907,Rajesh,999945504,SNAP,approved,300.0,AMEX,99994550412345
908,Rajesh,999945504,SNAP,approved,300.0,AMEX,99994550412345
909,Rajesh,999945504,SNAP,approved,300.0,AMEX,99994550412345
910,Rajesh,999945504,SNAP,approved,300.0,AMEX,99994550412345
911,Rajesh,999945504,SNAP,approved,300.0,AMEX,99994550412345
912,Rajesh,999945504,SNAP,approved,300.0,AMEX,99994550412345
913,Rajesh,999945504,SNAP,approved,300.0,AMEX,99994550412345
914,Rajesh,999945504,SNAP,approved,300.0,AMEX,99994550412345
915,Rajesh,999945504,SNAP,approved,300.0,AMEX,99994550412345
916,Rajesh,999945504,SNAP,approved,300.0,AMEX,99994550412345
917,Rajesh,999945504,SNAP,approved,300.0,AMEX,99994550412345
918,Rajesh,999945504,SNAP,approved,300.0,AMEX,99994550412345
919,Rajesh,999945504,SNAP,approved,300.0,AMEX,99994550412345
920,Rajesh,999945504,SNAP,approved,300.0,AMEX,99994550412345
921,Rajesh,999945504,SNAP,approved,300.0,AMEX,99994550412345
922,Rajesh,999945504,SNAP,approved,300.0,AMEX,99994550412345
923,Rajesh,999945504,SNAP,approved,300.0,AMEX,99994550412345
924,Rajesh,999945504,SNAP,approved,300.0,AMEX,99994550412345
925,Rajesh,999945504,SNAP,approved,300.0,AMEX,99994550412345
926,Rajesh,999945504,SNAP,approved,300.0,AMEX,99994550412345
927,Rajesh,999945504,SNAP,approved,300.0,AMEX,99994550412345
928,Rajesh,999945504,SNAP,approved,300.0,AMEX,99994550412345
929,Rajesh,999945504,SNAP,approved,300.0,AMEX,99994550412345
930,Rajesh,999945504,SNAP,approved,300.0,AMEX,99994550412345
931,Rajesh,999945504,SNAP,approved,300.0,AMEX,99994550412345
932,Rajesh,999945504,SNAP,approved,300.0,AMEX,99994550412345
933,Rajesh,999945504,SNAP,approved,300.0,AMEX,99994550412345
934,Rajesh,999945504,SNAP,approved,300.0,AMEX,99994550412345
935,Rajesh,999945504,SNAP,approved,300.0,AMEX,99994550412345
936,Rajesh,999945504,SNAP,approved,300.0,AMEX,99994550412345
937,Rajesh,999945504,SNAP,approved,300.0,AMEX,99994550412345
938,Rajesh,999945504,SNAP,approved,300.0,AMEX,99994550412345
939,Rajesh,999945504,SNAP,approved,300.0,AMEX,99994550412345
940,Rajesh,999945504,SNAP,approved,300.0,AMEX,99994550412345
941,Rajesh,999945504,SNAP,approved,300.0,AMEX,99994550412345
942,Rajesh,999945504,SNAP,approved,300.0,AMEX,99994550412345
943,Rajesh,999945504,SNAP,approved,300.0,AMEX,99994550412345
944,Rajesh,999945504,SNAP,approved,300.0,AMEX,99994550412345
945,Rajesh,999945504,SNAP,approved,300.0,AMEX,99994550412345
946,Rajesh,999945504,SNAP,approved,300.0,AMEX,99994550412345
947,Rajesh,999945504,SNAP,approved,300.0,AMEX,99994550412345
948,Rajesh,999945504,SNAP,approved,300.0,AMEX,99994550412345
949,Rajesh,999945504,SNAP,approved,300.0,AMEX,99994550412345
950,Rajesh,999945504,SNAP,approved,300.0,AMEX,99994550412345
951,Rajesh,999945504,SNAP,approved,300.0,AMEX,99994550412345
952,Rajesh,999945504,SNAP,approved,300.0,AMEX,99994550412345
953,Rajesh,999945504,SNAP,approved,300.0,AMEX,99994550412345
954,Rajesh,999945504,SNAP,approved,300.0,AMEX,99994550412345
955,Rajesh,999945504,SNAP,approved,300.0,AMEX,99994550412345
956,Rajesh,999945504,SNAP,approved,300.0,AMEX,99994550412345
957,Rajesh,999945504,SNAP,approved,300.0,AMEX,99994550412345
958,Rajesh,999945504,SNAP,approved,300.0,AMEX,99994550412345
959,Rajesh,999945504,SNAP,approved,300.0,AMEX,99994550412345
960,Rajesh,999945504,SNAP,approved,300.0,AMEX,99994550412345
961,Rajesh,999945504,SNAP,approved,300.0,AMEX,99994550412345
962,Rajesh,999945504,SNAP,approved,300.0,AMEX,99994550412345
963,Rajesh,999945504,SNAP,approved,300.0,AMEX,99994550412345
964,Rajesh,999945504,SNAP,approved,300.0,AMEX,99994550412345
965,Rajesh,999945504,SNAP,approved,300.0,AMEX,99994550412345
966,Rajesh,999945504,SNAP,approved,300.0,AMEX,99994550412345
967,Rajesh,999945504,SNAP,approved,300.0,AMEX,99994550412345
968,Rajesh,999945504,SNAP,approved,300.0,AMEX,99994550412345
969,Rajesh,999945504,SNAP,approved,300.0,AMEX,99994550412345
970,Rajesh,999945504,SNAP,approved,300.0,AMEX,99994550412345
971,Rajesh,999945504,SNAP,approved,300.0,AMEX,99994550412345
972,Rajesh,999945504,SNAP,approved,300.0,AMEX,99994550412345
973,Rajesh,999945504,SNAP,approved,300.0,AMEX,99994550412345
974,Rajesh,999945504,SNAP,approved,300.0,AMEX,99994550412345
975,Rajesh,999945504,SNAP,approved,300.0,AMEX,99994550412345
976,Rajesh,999945504,SNAP,approved,300.0,AMEX,99994550412345
977,Rajesh,999945504,SNAP,approved,300.0,AMEX,99994550412345
978,Rajesh,999945504,SNAP,approved,300.0,AMEX,99994550412345
979,Rajesh,999945504,SNAP,approved,300.0,AMEX,99994550412345
980,Rajesh,999945504,SNAP,approved,300.0,AMEX,99994550412345
981,Rajesh,999945504,SNAP,approved,300.0,AMEX,99994550412345
982,Rajesh,999945504,SNAP,approved,300.0,AMEX,99994550412345
983,Rajesh,999945504,SNAP,approved,300.0,AMEX,99994550412345
984,Rajesh,999945504,SNAP,approved,300.0,AMEX,99994550412345
985,Rajesh,999945504,SNAP,approved,300.0,AMEX,99994550412345
986,Rajesh,999945504,SNAP,approved,300.0,AMEX,99994550412345
987,Rajesh,999945504,SNAP,approved,300.0,AMEX,99994550412345
988,Rajesh,999945504,SNAP,approved,300.0,AMEX,99994550412345
989,Rajesh,999945504,SNAP,approved,300.0,AMEX,99994550412345
990,Rajesh,999945504,SNAP,approved,300.0,AMEX,99994550412345
991,Rajesh,999945504,SNAP,approved,300.0,AMEX,99994550412345
992,Rajesh,999945504,SNAP,approved,300.0,AMEX,99994550412345
993,Rajesh,999945504,SNAP,approved,300.0,AMEX,99994550412345
994,Rajesh,999945504,SNAP,approved,300.0,AMEX,99994550412345
995,Rajesh,999945504,SNAP,approved,300.0,AMEX,99994550412345
996,Rajesh,999945504,SNAP,approved,300.0,AMEX,99994550412345
997,Rajesh,999945504,SNAP,approved,300.0,AMEX,99994550412345
998,Rajesh,999945504,SNAP,approved,300.0,AMEX,99994550412345
999,Rajesh,999945504,SNAP,approved,300.0,AMEX,99994550412345
1000,Rajesh,999945504,SNAP,approved,300.0,AMEX,99994550412345
